{"cameraMode":{"drawMode":0,"name":"Shaded","section":"Shading Mode"},"sceneLighting":true,"audioPlay":false,"sceneViewState":{"m_AlwaysRefresh":false,"showFog":true,"showSkybox":true,"showFlares":true,"showImageEffects":true,"showParticleSystems":true,"showVisualEffectGraphs":true,"m_FxEnabled":true},"in2DMode":false,"pivot":{"x":-0.6435335278511047,"y":0.7855384349822998,"z":-1.2505818605422974},"rotation":{"x":0.3584391474723816,"y":0.43720588088035586,"z":-0.1951107382774353,"w":0.8016135096549988},"size":0.8660253882408142,"orthographic":false}